product_category,membership_level,session_duration,purchase_amount
Home,Standard,3.1,38.05
Clothing,Standard,5.1,11.11
Electronics,Standard,24.4,90.47
Home,Silver,19.8,66.25
Home,Standard,6.3,78.45
Clothing,Standard,13.5,24.42
Beauty,Standard,25.3,67.67
Home,Standard,32.4,44.17
Clothing,Silver,11.2,3.94
Clothing,Standard,14.2,0.54
Clothing,Silver,14.4,112.48
Home,Standard,5.9,31.02
Clothing,Standard,12.0,52.94
Electronics,Gold,3.7,7.05
Clothing,Standard,7.7,47.92
Home,Gold,14.4,42.1
Electronics,Silver,11.6,92.79
Electronics,Standard,4.0,14.47
Clothing,Standard,23.4,18.08
Clothing,Standard,10.6,38.14
Home,Silver,36.7,84.72
Sports,Gold,29.8,12.52
Home,Silver,23.7,4.02
Home,Standard,10.3,15.74
Home,Standard,9.9,40.7
Clothing,Gold,26.4,239.49
Clothing,Standard,24.8,7.62
Electronics,Standard,6.5,66.7
Clothing,Standard,8.4,10.18
Home,Platinum,31.7,28.9
Electronics,Standard,25.1,55.28
Clothing,Standard,9.3,4.57
Clothing,Standard,24.1,63.87
Clothing,Standard,9.2,3.26
Clothing,Standard,16.3,15.7
Clothing,Silver,28.8,1.34
Clothing,Silver,27.1,74.21
Sports,Standard,5.9,36.87
Beauty,Gold,11.5,7.24
Clothing,Standard,13.5,4.98
Home,Standard,10.3,25.85
Electronics,Silver,22.2,0.29
Clothing,Silver,16.9,62.84
Clothing,Standard,5.4,138.58
Sports,Silver,15.0,1.43
Clothing,Standard,3.4,35.26
Clothing,Gold,9.3,37.82
Beauty,Gold,22.8,0.41
Clothing,Standard,1.9,58.04
Home,Standard,23.0,12.02
Electronics,Silver,9.3,42.28
Sports,Standard,14.6,9.43
Home,Gold,13.9,3.67
Clothing,Standard,7.5,11.54
Clothing,Silver,19.3,83.9
Clothing,Standard,12.1,57.1
Clothing,Standard,5.3,26.99
Home,Standard,34.6,4.94
Sports,Standard,8.8,9.46
Clothing,Standard,8.7,130.88
Home,Standard,29.9,6.06
Home,Gold,12.1,13.56
Home,Silver,17.7,32.27
Home,Silver,14.6,18.47
Sports,Standard,12.3,12.54
Electronics,Standard,23.7,45.5
Sports,Platinum,9.4,6.81
Electronics,Silver,18.9,25.56
Electronics,Gold,19.3,4.92
Home,Standard,29.4,13.57
Electronics,Standard,9.5,17.82
Sports,Standard,7.1,40.83
Home,Standard,9.9,24.5
Home,Gold,8.6,13.4
Electronics,Standard,22.8,46.09
Home,Platinum,4.9,25.63
Home,Silver,26.1,51.4
Electronics,Standard,13.5,19.48
Electronics,Platinum,34.7,51.78
Home,Gold,26.8,33.69
Clothing,Standard,12.2,11.37
Home,Standard,15.3,31.41
Home,Silver,24.2,5.81
Clothing,Standard,9.8,0.37
Beauty,Silver,36.1,46.99
Sports,Standard,17.0,7.83
Clothing,Standard,10.2,35.88
Electronics,Gold,10.7,25.09
Clothing,Standard,5.5,22.92
Clothing,Silver,23.6,15.07
Home,Standard,3.4,29.53
Beauty,Standard,13.2,143.39
Clothing,Standard,22.8,58.11
Sports,Silver,11.8,21.36
Home,Standard,23.1,82.33
Home,Standard,2.9,29.92
Electronics,Silver,37.7,170.31
Clothing,Standard,7.8,141.24
Electronics,Silver,8.9,1.15
Clothing,Standard,29.2,7.67
Clothing,Standard,9.9,72.92
Home,Silver,15.9,18.12
Electronics,Standard,15.1,11.33
Electronics,Standard,3.9,30.77
Clothing,Standard,13.8,44.57
Home,Standard,19.2,15.18
Sports,Standard,15.0,78.68
Home,Standard,19.8,27.8
Sports,Silver,4.5,10.54
Clothing,Gold,14.9,44.94
Clothing,Gold,28.5,25.41
Clothing,Platinum,19.1,6.56
Electronics,Standard,8.2,3.02
Sports,Standard,13.2,37.08
Clothing,Standard,10.3,2.66
Home,Gold,3.1,144.99
Home,Gold,13.6,9.12
Clothing,Silver,6.3,172.35
Electronics,Standard,8.0,15.48
Beauty,Standard,5.4,104.71
Beauty,Silver,21.0,40.44
Electronics,Standard,18.3,4.04
Clothing,Standard,3.5,11.85
Clothing,Silver,11.2,19.91
Beauty,Silver,13.2,21.79
Beauty,Silver,26.6,33.2
Clothing,Standard,15.6,36.13
Home,Standard,10.8,14.88
Sports,Standard,14.9,3.72
Clothing,Standard,29.5,46.97
Home,Standard,31.1,24.84
Electronics,Standard,7.9,46.05
Home,Silver,11.6,33.6
Sports,Silver,16.7,0.25
Beauty,Silver,18.8,64.84
Electronics,Standard,8.0,58.46
Clothing,Gold,27.3,20.66
Electronics,Silver,13.3,60.85
Clothing,Platinum,25.2,0.69
Clothing,Gold,8.8,22.21
Electronics,Silver,11.7,22.12
Clothing,Gold,15.2,8.74
Beauty,Platinum,18.4,9.9
Home,Standard,7.3,1.97
Clothing,Silver,23.2,42.9
Sports,Gold,14.7,127.13
Home,Standard,12.8,104.27
Electronics,Gold,30.0,8.95
Home,Standard,10.5,31.15
Sports,Gold,11.8,63.29
Electronics,Silver,13.3,16.08
Sports,Standard,9.6,7.71
Clothing,Standard,17.3,0.85
Clothing,Gold,28.1,53.65
Home,Standard,8.1,12.63
Electronics,Gold,18.3,8.36
Home,Standard,10.7,91.63
Sports,Gold,35.2,70.19
Home,Standard,22.2,63.35
Clothing,Gold,16.0,2.31
Clothing,Gold,31.4,105.62
Sports,Gold,25.3,23.94
Home,Standard,13.0,11.79
Electronics,Silver,9.0,52.6
Home,Standard,16.9,1.52
Sports,Standard,7.4,6.4
Clothing,Standard,7.7,22.02
Beauty,Standard,10.4,142.52
Sports,Standard,9.6,1.38
Home,Standard,18.1,2.55
Sports,Standard,16.7,4.94
Electronics,Standard,8.8,14.16
Sports,Silver,3.9,12.13
Sports,Standard,5.1,7.46
Beauty,Standard,14.3,48.75
Electronics,Standard,3.5,51.9
Electronics,Silver,16.8,19.87
Electronics,Platinum,35.9,31.02
Clothing,Standard,15.7,34.58
Clothing,Standard,22.3,69.14
Home,Standard,14.9,21.8
Electronics,Standard,18.6,93.61
Electronics,Standard,7.6,67.41
Sports,Standard,15.0,31.37
Clothing,Standard,17.8,13.67
Sports,Standard,6.1,52.4
Electronics,Standard,6.7,48.11
Home,Standard,21.5,6.34
Beauty,Gold,39.3,94.11
Home,Standard,12.8,8.45
Electronics,Silver,24.0,2.67
Home,Silver,32.6,0.14
Clothing,Standard,13.4,58.34
Home,Platinum,8.9,0.13
Electronics,Standard,22.1,11.41
Home,Silver,19.9,142.94
Electronics,Standard,11.8,4.36
Home,Gold,27.2,35.5
Clothing,Platinum,7.5,2.34
Electronics,Standard,5.8,24.81
Clothing,Gold,17.6,38.91
Electronics,Silver,10.4,30.31
Home,Platinum,23.3,44.34
Beauty,Silver,2.1,6.59
Sports,Silver,1.6,48.64
Home,Standard,21.5,1.26
Electronics,Silver,17.0,14.05
Home,Standard,26.8,104.94
Home,Gold,12.0,8.11
Electronics,Platinum,25.6,6.72
Sports,Standard,5.9,21.2
Clothing,Platinum,22.3,22.79
Clothing,Standard,22.7,13.28
Sports,Standard,24.4,8.4
Clothing,Gold,4.3,10.67
Clothing,Gold,9.8,45.61
Electronics,Standard,19.6,4.86
Clothing,Standard,12.2,4.97
Sports,Gold,14.8,6.9
Electronics,Silver,14.1,94.22
Clothing,Gold,6.4,76.31
Beauty,Standard,20.7,119.22
Electronics,Standard,12.1,111.21
Beauty,Standard,27.2,2.57
Beauty,Standard,4.5,67.43
Electronics,Standard,12.8,17.01
Clothing,Silver,12.5,66.9
Clothing,Gold,10.0,117.21
Clothing,Gold,7.3,49.19
Electronics,Gold,5.5,74.7
Electronics,Gold,13.2,32.7
Electronics,Standard,17.8,29.72
Electronics,Silver,29.8,118.57
Sports,Platinum,14.7,22.23
Sports,Gold,8.2,4.05
Electronics,Platinum,31.2,9.71
Clothing,Standard,21.2,45.14
Beauty,Silver,6.8,20.85
Clothing,Standard,16.0,59.3
Home,Standard,16.3,30.57
Electronics,Gold,26.3,5.79
Clothing,Gold,8.7,43.38
Beauty,Standard,19.6,119.8
Clothing,Silver,9.9,28.73
Electronics,Standard,13.7,84.85
Clothing,Standard,9.0,142.17
Beauty,Gold,19.9,13.42
Clothing,Silver,34.8,29.85
Sports,Silver,21.5,0.76
Sports,Standard,6.1,29.45
Electronics,Standard,10.6,9.58
Clothing,Standard,3.5,21.33
Home,Standard,5.7,2.66
Clothing,Standard,4.4,61.16
Electronics,Standard,10.0,34.16
Beauty,Silver,4.0,41.17
Home,Standard,15.6,19.87
Sports,Standard,11.8,4.13
Electronics,Gold,16.5,18.28
Clothing,Standard,8.0,37.25
Clothing,Gold,19.6,32.69
Electronics,Silver,30.9,55.98
Beauty,Standard,9.4,17.22
Electronics,Silver,18.8,115.9
Clothing,Standard,20.5,45.35
Electronics,Standard,15.1,31.07
Electronics,Platinum,21.5,2.58
Electronics,Standard,7.4,33.78
Clothing,Standard,10.3,68.13
Home,Gold,6.8,16.67
Clothing,Silver,20.9,67.09
Clothing,Silver,3.2,81.18
Electronics,Silver,18.1,57.48
Clothing,Standard,0.7,20.3
Clothing,Gold,5.1,3.44
Electronics,Platinum,10.7,33.53
Home,Silver,14.8,20.99
Clothing,Gold,12.7,18.42
Home,Gold,7.7,6.1
Electronics,Platinum,10.4,43.86
Sports,Standard,6.8,23.4
Electronics,Standard,13.6,17.97
Electronics,Silver,13.1,113.89
Sports,Standard,11.5,19.75
Electronics,Standard,6.9,7.6
Home,Standard,39.2,2.56
Beauty,Gold,17.8,172.84
Sports,Standard,10.8,18.84
Home,Standard,6.0,73.48
Beauty,Standard,20.8,3.12
Clothing,Gold,22.8,27.56
Sports,Gold,12.6,20.4
Clothing,Gold,11.9,12.33
Beauty,Standard,14.8,54.43
Electronics,Standard,11.3,41.96
Beauty,Standard,15.7,2.9
Sports,Gold,6.7,13.42
Sports,Standard,25.3,12.41
Electronics,Standard,19.5,97.81
Home,Silver,3.9,10.38
Electronics,Standard,8.5,28.78
Home,Silver,32.3,128.89
Electronics,Silver,25.5,194.44
Electronics,Standard,8.3,28.15
Electronics,Standard,7.7,18.68
Sports,Silver,9.1,23.7
Clothing,Gold,12.9,9.95
Clothing,Platinum,30.7,209.04
Home,Standard,18.2,15.27
Electronics,Silver,20.7,7.05
Home,Standard,5.6,5.07
Home,Standard,21.1,82.21
Clothing,Standard,21.4,11.59
Clothing,Standard,16.0,15.51
Clothing,Gold,14.1,14.53
Beauty,Gold,14.5,55.44
Home,Silver,18.0,83.19
Beauty,Standard,15.3,12.07
Home,Standard,36.0,6.16
Clothing,Gold,11.6,50.29
Electronics,Standard,20.4,25.33
Clothing,Silver,18.0,3.82
Beauty,Standard,5.5,21.65
Electronics,Silver,17.6,2.74
Electronics,Silver,17.5,160.61
Clothing,Standard,24.4,95.74
Clothing,Standard,12.0,121.88
Sports,Standard,9.0,77.35
Electronics,Gold,5.0,0.68
Beauty,Standard,25.1,5.35
Home,Standard,18.1,44.69
Beauty,Gold,14.5,6.12
Home,Gold,17.0,24.29
Sports,Silver,20.5,9.09
Clothing,Gold,9.0,6.57
Clothing,Standard,8.9,4.48
Clothing,Standard,18.5,73.2
Sports,Standard,8.0,72.8
Clothing,Silver,16.7,26.87
Electronics,Gold,24.3,38.07
Beauty,Silver,13.4,10.5
Beauty,Standard,17.0,99.55
Clothing,Silver,7.1,34.06
Home,Silver,8.3,40.69
Clothing,Standard,30.8,23.79
Electronics,Gold,20.0,44.78
Clothing,Gold,15.3,41.64
Clothing,Standard,4.9,146.04
Sports,Standard,10.0,36.62
Sports,Silver,12.5,7.27
Home,Platinum,19.5,50.41
Beauty,Silver,41.6,14.1
Clothing,Gold,24.8,10.2
Electronics,Gold,8.8,24.81
Electronics,Platinum,18.0,30.95
Clothing,Gold,4.2,1.61
Electronics,Standard,16.9,35.28
Electronics,Standard,16.6,44.72
Home,Standard,15.8,96.11
Clothing,Standard,13.4,31.35
Home,Standard,4.7,4.22
Electronics,Gold,16.0,34.43
Home,Platinum,9.5,78.35
Electronics,Standard,2.0,44.63
Clothing,Standard,4.4,75.04
Home,Gold,16.3,5.82
Home,Silver,26.5,28.1
Clothing,Standard,7.4,31.72
Clothing,Standard,9.2,72.66
Home,Standard,22.0,15.74
Beauty,Platinum,3.8,50.6
Home,Standard,7.7,36.16
Electronics,Gold,12.2,14.75
Home,Platinum,5.8,35.09
Sports,Silver,14.1,70.75
Electronics,Standard,11.8,26.5
Sports,Silver,16.1,0.54
Clothing,Standard,14.3,10.17
Sports,Gold,32.4,21.2
Electronics,Silver,20.1,45.85
Clothing,Gold,8.6,101.83
Beauty,Standard,26.3,17.91
Home,Standard,25.5,11.44
Sports,Silver,0.9,4.25
Home,Standard,9.3,52.96
Electronics,Silver,28.9,49.51
Clothing,Silver,23.9,40.52
Sports,Standard,33.0,66.36
Home,Standard,18.9,23.77
Electronics,Gold,16.9,5.01
Electronics,Standard,11.6,16.11
Clothing,Platinum,36.6,7.61
Beauty,Gold,23.5,111.63
Clothing,Standard,28.4,92.69
Clothing,Gold,13.4,39.41
Clothing,Silver,12.6,112.04
Electronics,Standard,6.8,120.33
Clothing,Platinum,16.8,95.99
Electronics,Gold,7.9,14.09
Sports,Gold,11.4,1.24
Clothing,Gold,10.6,29.12
Clothing,Gold,20.3,41.3
Beauty,Standard,20.4,25.23
Clothing,Gold,14.1,153.29
Beauty,Standard,18.1,47.54
Electronics,Gold,26.3,35.7
Home,Standard,14.9,59.85
Clothing,Gold,23.6,30.26
Clothing,Standard,11.4,82.15
Electronics,Gold,19.0,25.1
Electronics,Gold,4.7,4.4
Clothing,Standard,13.4,8.82
Beauty,Gold,4.8,23.68
Home,Gold,13.0,23.21
Clothing,Silver,21.0,104.56
Home,Silver,12.6,22.58
Electronics,Standard,37.0,3.43
Electronics,Standard,17.0,26.07
Clothing,Standard,6.6,49.89
Sports,Standard,15.3,10.39
Clothing,Gold,17.4,82.16
Clothing,Silver,18.3,0.3
Beauty,Standard,29.7,48.79
Sports,Gold,4.1,11.48
Clothing,Silver,11.3,52.26
Beauty,Standard,14.0,37.32
Beauty,Gold,1.9,92.91
Clothing,Gold,5.5,3.68
Home,Silver,18.1,26.86
Clothing,Standard,14.3,37.43
Clothing,Standard,12.6,80.05
Electronics,Gold,15.4,0.62
Clothing,Standard,12.1,63.33
Clothing,Standard,18.1,25.9
Clothing,Standard,5.4,90.61
Electronics,Gold,13.1,4.11
Beauty,Standard,16.4,10.38
Electronics,Gold,12.0,27.09
Home,Standard,8.3,46.48
Clothing,Gold,23.1,5.52
Clothing,Silver,13.2,37.37
Clothing,Silver,18.4,22.88
Sports,Standard,17.6,17.02
Clothing,Standard,16.6,50.14
Electronics,Standard,13.4,33.37
Beauty,Standard,3.0,3.77
Sports,Gold,13.1,19.63
Clothing,Silver,2.5,1.49
Clothing,Silver,4.9,19.01
Electronics,Gold,14.5,103.06
Electronics,Standard,13.2,39.69
Sports,Standard,9.9,49.91
Clothing,Silver,7.2,13.89
Home,Standard,12.3,45.97
Beauty,Silver,21.8,128.08
Electronics,Gold,10.6,53.69
Electronics,Silver,12.8,77.73
Electronics,Gold,32.4,6.34
Home,Standard,9.9,27.42
Beauty,Gold,6.6,8.96
Clothing,Silver,9.4,35.38
Clothing,Standard,17.1,39.58
Clothing,Standard,21.4,2.51
Sports,Standard,16.7,149.03
Home,Silver,19.1,55.99
Electronics,Gold,16.2,42.15
Sports,Standard,4.0,15.81
Electronics,Standard,29.5,18.26
Electronics,Standard,16.0,2.76
Home,Gold,15.3,5.33
Electronics,Standard,19.2,18.71
Home,Gold,23.4,58.91
Clothing,Standard,15.4,53.08
Clothing,Silver,7.0,8.47
Beauty,Standard,18.4,13.33
Electronics,Standard,7.8,2.47
Home,Standard,10.8,50.83
Electronics,Platinum,13.2,105.85
Sports,Silver,9.5,22.65
Electronics,Standard,20.0,12.33
Electronics,Silver,17.2,10.55
Home,Standard,10.8,61.1
Home,Silver,13.2,42.27
Home,Silver,4.9,171.81
Electronics,Standard,11.2,121.02
Clothing,Standard,10.0,3.04
Clothing,Standard,13.0,7.96
Clothing,Silver,14.3,6.3
Sports,Gold,21.7,28.04
Electronics,Standard,5.0,20.58
Home,Silver,4.0,62.29
Beauty,Standard,5.2,8.84
Beauty,Standard,9.8,4.26
Electronics,Standard,23.8,39.81
Electronics,Silver,9.6,7.86
Beauty,Silver,23.3,66.32
Sports,Standard,10.5,12.28
Beauty,Standard,37.8,19.71
Clothing,Gold,3.6,16.95
Home,Standard,26.0,118.15
Electronics,Standard,14.0,12.0
Clothing,Standard,10.0,21.84
Sports,Gold,7.2,21.1
Electronics,Silver,17.5,76.13
Sports,Silver,11.9,67.9
Clothing,Standard,13.1,76.75
Clothing,Standard,7.4,39.15
Clothing,Standard,7.2,11.61
Beauty,Gold,18.1,8.78
Clothing,Silver,24.0,5.06
Sports,Standard,5.0,33.9
Sports,Standard,7.9,19.57
Beauty,Standard,22.6,2.27
Clothing,Silver,35.4,49.81
Clothing,Silver,24.9,24.86
Home,Silver,13.6,2.42
Clothing,Gold,31.8,23.37
Beauty,Gold,28.9,117.6
Clothing,Gold,4.2,7.84
Clothing,Silver,18.7,40.73
Home,Standard,16.6,22.3
Clothing,Standard,14.6,15.97
Beauty,Platinum,3.2,6.53
Electronics,Standard,15.0,19.06
Electronics,Silver,51.6,1.08
Clothing,Gold,6.0,18.62
Electronics,Standard,3.1,33.34
Clothing,Platinum,5.0,16.2
Sports,Gold,3.7,6.63
Clothing,Standard,4.5,22.61
Electronics,Standard,19.7,17.69
Beauty,Gold,9.0,164.04
Home,Standard,15.4,33.18
Electronics,Standard,11.0,24.46
Home,Silver,10.3,128.77
Clothing,Standard,15.1,61.27
Electronics,Silver,13.9,17.39
Home,Silver,28.8,25.09
Home,Silver,8.5,29.03
Home,Standard,12.8,9.27
Electronics,Gold,8.7,5.68
Clothing,Platinum,11.1,6.71
Clothing,Standard,8.4,18.1
Home,Gold,18.2,3.89
Clothing,Standard,43.1,8.79
Sports,Standard,4.2,4.33
Home,Gold,1.8,0.63
Electronics,Standard,8.3,19.99
Clothing,Standard,18.6,23.57
Sports,Standard,22.7,54.88
Home,Standard,11.4,33.48
Electronics,Standard,21.4,78.08
Clothing,Silver,21.0,46.35
Sports,Standard,28.9,68.1
Electronics,Standard,36.2,33.37
Sports,Silver,12.2,30.15
Electronics,Standard,12.7,136.53
Clothing,Platinum,43.2,21.32
Clothing,Standard,18.5,29.77
Electronics,Silver,7.0,48.03
Home,Gold,32.0,26.63
Electronics,Standard,16.4,21.67
Sports,Standard,6.2,44.07
Clothing,Standard,14.0,1.97
Sports,Standard,3.2,78.3
Clothing,Silver,13.4,151.49
Electronics,Silver,10.9,38.02
Electronics,Standard,27.9,25.28
Sports,Standard,11.8,24.15
Clothing,Silver,9.7,33.08
Clothing,Silver,35.1,52.34
Clothing,Silver,25.3,14.22
Clothing,Standard,14.3,15.24
Beauty,Gold,13.3,5.92
Clothing,Standard,23.2,52.0
Sports,Standard,14.2,18.65
Home,Silver,5.4,72.37
Sports,Gold,13.4,26.21
Sports,Silver,15.5,4.84
Beauty,Silver,4.1,364.62
Home,Standard,7.1,68.05
Sports,Standard,11.0,12.57
Home,Standard,17.3,3.38
Home,Silver,11.1,1.31
Home,Gold,8.7,61.87
Home,Silver,18.3,4.52
Electronics,Standard,21.1,11.87
Clothing,Silver,14.0,4.14
Sports,Standard,26.1,130.24
Electronics,Standard,15.7,16.12
Clothing,Platinum,24.9,10.77
Clothing,Silver,3.7,50.52
Clothing,Silver,23.7,41.98
Electronics,Gold,14.1,16.8
Clothing,Standard,14.1,32.82
Clothing,Silver,8.4,39.42
Home,Standard,17.2,21.38
Clothing,Standard,25.5,64.94
Electronics,Silver,18.9,55.42
Electronics,Silver,14.8,77.16
Home,Standard,9.2,3.96
Home,Standard,25.7,35.04
Beauty,Standard,15.5,52.25
Sports,Silver,19.0,0.69
Clothing,Gold,9.4,37.4
Home,Gold,8.0,17.86
Clothing,Standard,3.5,86.14
Electronics,Gold,19.6,70.7
Clothing,Gold,18.5,11.6
Electronics,Standard,17.4,63.28
Home,Standard,13.9,5.86
Electronics,Standard,11.3,60.86
Clothing,Standard,23.7,46.32
Beauty,Standard,9.5,69.98
Electronics,Standard,20.1,29.6
Electronics,Standard,10.3,59.15
Clothing,Silver,2.0,52.52
Beauty,Standard,12.2,2.38
Beauty,Silver,7.9,28.94
Electronics,Silver,13.2,32.91
Beauty,Standard,27.1,93.31
Sports,Standard,8.3,31.95
Clothing,Silver,19.3,92.2
Beauty,Gold,7.6,10.94
Sports,Standard,7.1,22.65
Clothing,Gold,5.0,29.91
Home,Silver,4.1,17.2
Home,Standard,19.2,16.62
Clothing,Standard,22.5,7.02
Electronics,Silver,33.9,7.57
Clothing,Gold,19.6,76.07
Clothing,Gold,43.3,53.61
Clothing,Standard,10.1,23.22
Beauty,Silver,13.8,59.99
Clothing,Standard,14.5,6.49
Home,Standard,36.9,9.4
Clothing,Silver,19.6,35.55
Beauty,Standard,16.5,4.41
Home,Standard,3.5,44.34
Electronics,Gold,30.3,15.46
Electronics,Standard,13.2,90.08
Beauty,Silver,15.2,39.63
Beauty,Gold,21.1,23.31
Home,Standard,17.5,31.21
Electronics,Silver,24.4,10.34
Electronics,Gold,4.5,1.39
Sports,Gold,39.4,2.29
Sports,Gold,9.1,20.5
Clothing,Standard,14.2,75.28
Clothing,Silver,5.7,47.0
Clothing,Standard,8.2,41.25
Electronics,Silver,15.6,122.18
Electronics,Gold,13.8,89.73
Beauty,Standard,7.2,22.4
Sports,Silver,32.2,54.37
Electronics,Gold,18.1,28.06
Electronics,Gold,13.3,47.61
Home,Silver,27.3,23.59
Sports,Standard,17.5,34.53
Sports,Standard,22.2,7.11
Electronics,Gold,6.3,54.48
Beauty,Standard,7.5,1.99
Electronics,Gold,16.1,2.54
Home,Standard,15.9,31.96
Home,Platinum,4.2,41.34
Beauty,Standard,21.3,13.71
Home,Gold,11.7,91.26
Home,Silver,12.7,27.76
Clothing,Silver,12.8,5.49
Sports,Platinum,15.1,90.37
Electronics,Platinum,15.7,33.88
Electronics,Gold,8.7,46.58
Beauty,Silver,7.7,17.86
Clothing,Silver,21.5,77.52
Clothing,Standard,5.9,38.91
Clothing,Standard,4.0,38.05
Sports,Standard,6.3,16.52
Clothing,Standard,25.6,103.97
Sports,Standard,7.8,138.93
Clothing,Standard,20.0,43.54
Sports,Silver,6.2,0.95
Electronics,Standard,19.8,65.7
Clothing,Standard,9.4,27.28
Clothing,Standard,7.3,144.99
Clothing,Silver,5.0,11.8
Beauty,Standard,4.4,3.31
Beauty,Standard,3.7,74.03
Clothing,Gold,25.6,27.86
Electronics,Standard,44.0,17.69
Electronics,Gold,15.3,22.6
Clothing,Standard,28.8,114.39
Clothing,Gold,20.9,1.8
Clothing,Standard,9.1,31.17
Sports,Standard,5.3,10.2
Clothing,Silver,8.0,72.72
Sports,Gold,39.2,34.77
Beauty,Standard,28.6,27.18
Electronics,Gold,33.8,37.23
Home,Silver,32.3,16.28
Sports,Silver,7.1,65.35
Beauty,Platinum,14.6,35.75
Clothing,Standard,8.0,75.65
Home,Standard,21.8,35.76
Electronics,Silver,13.5,7.51
Sports,Silver,7.2,58.39
Electronics,Standard,27.2,78.83
Home,Silver,27.7,60.47
Beauty,Standard,7.3,23.82
Clothing,Standard,7.5,43.8
Electronics,Standard,9.5,59.33
Home,Silver,30.4,13.76
Home,Gold,23.5,5.44
Home,Gold,8.2,127.63
Electronics,Standard,5.3,109.57
Sports,Standard,12.1,45.87
Home,Silver,10.5,35.48
Electronics,Standard,8.2,132.35
Home,Standard,19.7,60.16
Electronics,Standard,13.5,22.97
Electronics,Silver,10.3,82.77
Home,Gold,13.6,71.95
Sports,Standard,9.1,31.46
Sports,Silver,14.9,17.31
Electronics,Silver,43.8,18.01
Home,Standard,14.3,32.03
Home,Standard,5.7,82.4
Clothing,Silver,4.5,22.05
Beauty,Gold,19.3,4.59
Clothing,Standard,5.2,15.73
Electronics,Gold,30.5,0.41
Clothing,Gold,12.9,84.13
Home,Standard,3.1,11.35
Electronics,Gold,5.6,127.47
Clothing,Gold,5.8,19.06
Home,Standard,18.4,30.44
Sports,Standard,46.3,57.19
Home,Standard,5.0,1.66
Electronics,Gold,6.2,21.17
Clothing,Standard,17.4,20.51
Clothing,Silver,13.6,1.56
Sports,Standard,3.1,48.23
Home,Gold,11.7,56.93
Clothing,Gold,23.2,36.12
Home,Gold,5.2,22.2
Sports,Silver,16.7,8.71
Clothing,Gold,7.3,8.63
Sports,Gold,16.2,44.46
Beauty,Standard,15.6,26.64
Beauty,Silver,18.2,42.21
Sports,Standard,10.6,100.06
Electronics,Silver,18.0,40.52
Clothing,Gold,18.0,2.69
Clothing,Standard,4.8,44.09
Home,Gold,9.4,0.81
Clothing,Standard,10.2,122.76
Sports,Gold,7.8,12.27
Electronics,Gold,12.8,31.08
Sports,Standard,6.5,37.15
Home,Silver,17.6,9.76
Sports,Gold,7.7,5.77
Clothing,Standard,12.0,65.57
Home,Standard,17.8,47.16
Home,Standard,5.1,37.85
Beauty,Silver,4.2,7.56
Sports,Standard,9.3,56.38
Clothing,Standard,24.3,41.61
Electronics,Standard,11.9,34.84
Beauty,Standard,8.0,24.46
Electronics,Standard,10.4,7.18
Home,Silver,29.8,8.4
Beauty,Standard,6.7,70.45
Electronics,Standard,19.7,9.98
Electronics,Gold,14.2,95.75
Sports,Standard,12.4,6.62
Sports,Standard,35.0,44.04
Clothing,Silver,32.6,21.15
Clothing,Gold,14.0,39.21
Electronics,Gold,8.9,1.81
Beauty,Standard,15.8,17.59
Sports,Standard,16.6,8.46
Sports,Standard,21.8,4.97
Clothing,Gold,22.1,1.19
Electronics,Standard,11.1,1.65
Electronics,Standard,13.1,48.52
Clothing,Standard,17.1,27.52
Beauty,Silver,4.0,15.34
Beauty,Standard,24.0,3.66
Sports,Standard,15.3,7.63
Electronics,Standard,3.3,12.63
Clothing,Silver,6.8,26.67
Electronics,Standard,16.1,110.39
Electronics,Standard,17.4,16.6
Home,Silver,13.2,17.65
Clothing,Gold,3.9,50.02
Clothing,Platinum,21.2,26.57
Electronics,Standard,15.3,13.28
Clothing,Standard,14.6,6.79
Clothing,Silver,11.1,1.58
Clothing,Silver,16.3,10.0
Clothing,Platinum,13.7,102.19
Clothing,Standard,7.0,203.62
Home,Gold,37.9,65.22
Electronics,Standard,10.0,24.77
Sports,Silver,19.0,50.14
Beauty,Platinum,35.7,69.34
Home,Standard,14.5,17.82
Clothing,Silver,26.8,7.82
Beauty,Gold,5.9,7.09
Clothing,Standard,12.2,34.13
Home,Gold,28.1,2.58
Home,Standard,22.9,203.27
Clothing,Standard,12.0,23.67
Electronics,Standard,10.0,10.39
Beauty,Standard,15.7,29.19
Electronics,Standard,10.4,11.44
Clothing,Gold,14.6,38.4
Electronics,Standard,27.2,68.89
Clothing,Silver,11.8,21.98
Sports,Standard,7.7,53.45
Clothing,Silver,15.8,35.88
Electronics,Silver,33.7,7.42
Electronics,Standard,10.1,9.64
Sports,Standard,13.7,31.47
Beauty,Silver,3.7,75.64
Clothing,Silver,12.8,23.5
Home,Standard,22.7,39.32
Electronics,Gold,20.4,56.9
Home,Platinum,8.8,64.06
Clothing,Silver,7.9,41.72
Beauty,Platinum,5.6,60.9
Clothing,Standard,17.3,37.16
Beauty,Standard,8.8,103.33
Clothing,Platinum,21.4,16.76
Clothing,Standard,18.5,72.38
Home,Silver,8.5,41.76
Electronics,Gold,21.1,34.06
Electronics,Silver,28.4,50.65
Electronics,Gold,7.4,0.94
Beauty,Silver,14.2,60.81
Clothing,Gold,6.7,10.42
Sports,Standard,29.1,6.68
Clothing,Gold,14.6,43.68
Home,Standard,13.7,93.18
Home,Gold,6.8,31.94
Beauty,Standard,9.1,10.65
Home,Silver,35.6,53.75
Electronics,Gold,18.0,91.58
Electronics,Silver,16.7,53.09
Electronics,Standard,10.7,66.1
Clothing,Gold,10.0,109.47
Clothing,Standard,33.4,29.78
Sports,Silver,8.8,93.18
Sports,Standard,9.6,64.89
Electronics,Silver,5.7,17.23
Beauty,Standard,19.4,15.85
Clothing,Standard,7.5,9.33
Home,Gold,9.0,43.86
Clothing,Gold,7.3,86.42
Home,Standard,9.3,3.5
Sports,Gold,31.9,34.61
Home,Standard,1.6,48.01
Beauty,Silver,43.1,67.54
Home,Silver,21.3,32.6
Sports,Gold,9.2,43.18
Electronics,Silver,25.1,29.65
Home,Gold,12.2,8.53
Home,Standard,23.8,2.83
Electronics,Silver,15.2,11.82
Sports,Standard,7.9,67.22
Home,Silver,36.2,5.17
Electronics,Gold,25.5,2.98
Home,Standard,32.2,10.04
Clothing,Silver,16.1,13.68
Electronics,Silver,6.1,20.58
Electronics,Standard,16.5,71.59
Clothing,Gold,17.4,39.15
Home,Gold,3.8,55.53
Clothing,Standard,11.6,88.5
Clothing,Standard,14.1,58.34
Sports,Standard,14.4,12.14
Sports,Silver,19.8,31.8
Home,Standard,6.7,24.15
Electronics,Gold,10.6,69.06
Clothing,Standard,15.5,11.51
Home,Standard,8.7,37.51
Home,Standard,20.5,1.61
Beauty,Silver,15.5,15.69
Clothing,Silver,4.4,25.39
Clothing,Silver,10.1,9.25
Home,Standard,39.1,44.65
Home,Standard,17.9,18.36
Home,Gold,2.7,8.33
Clothing,Standard,9.8,81.21
Electronics,Gold,10.0,8.95
Electronics,Platinum,14.1,34.33
Electronics,Standard,19.4,26.58
Electronics,Standard,23.8,23.5
Sports,Silver,15.3,10.8
Clothing,Standard,8.7,68.63
Electronics,Standard,7.3,41.18
Sports,Standard,14.0,65.17
Electronics,Silver,7.0,51.75
Clothing,Standard,7.1,57.82
Electronics,Standard,18.5,8.53
Beauty,Gold,10.9,37.55
Electronics,Silver,9.1,62.04
Home,Standard,15.2,27.49
Beauty,Gold,28.5,38.61
Home,Platinum,7.8,12.7
Sports,Standard,11.5,24.37
Electronics,Platinum,13.0,72.94
Home,Silver,10.1,9.41
Home,Gold,3.2,49.69
Clothing,Standard,11.7,40.38
Sports,Standard,12.0,3.13
Home,Standard,16.0,43.68
Sports,Standard,24.4,24.36
Sports,Standard,10.8,8.03
Clothing,Standard,12.9,22.3
Clothing,Silver,4.6,5.42
Clothing,Silver,17.0,117.9
Electronics,Silver,14.1,146.86
Clothing,Silver,7.6,22.2
Clothing,Platinum,25.6,9.43
Electronics,Standard,20.2,63.71
Electronics,Gold,14.8,15.2
Clothing,Platinum,13.1,17.64
Electronics,Standard,14.8,20.47
Beauty,Standard,20.4,50.31
Clothing,Silver,20.1,37.91
Clothing,Silver,20.0,189.78
Electronics,Platinum,20.1,73.28
Clothing,Silver,13.2,147.05
Electronics,Silver,13.5,59.32
Electronics,Gold,12.8,21.96
Clothing,Gold,10.9,101.71
Sports,Gold,22.2,20.6
Clothing,Standard,20.9,4.23
Electronics,Silver,8.3,10.01
Electronics,Platinum,13.6,154.1
Home,Standard,15.9,8.01
Home,Standard,17.3,20.12
Sports,Gold,9.3,70.93
Clothing,Silver,15.3,28.0
Clothing,Gold,4.1,42.48
Sports,Standard,16.5,82.6
Clothing,Standard,6.4,4.55
Home,Standard,8.0,25.94
Home,Silver,2.3,15.63
Clothing,Silver,28.6,40.2
Electronics,Silver,15.3,27.36
Electronics,Standard,40.8,16.72
Sports,Standard,8.8,9.05
Clothing,Standard,19.3,6.26
Beauty,Silver,15.5,54.39
Clothing,Silver,21.1,70.21
Electronics,Silver,5.8,61.31
Clothing,Silver,17.8,44.71
Clothing,Standard,4.2,39.34
Home,Standard,14.1,21.01
Electronics,Standard,33.1,40.73
Sports,Standard,19.1,5.0
Clothing,Silver,11.4,33.78
Clothing,Standard,9.2,34.78
Clothing,Standard,32.5,27.36
Clothing,Standard,8.3,65.06
Clothing,Standard,45.0,18.45
Clothing,Standard,21.6,15.54
Clothing,Gold,14.0,4.5
Clothing,Gold,14.6,15.3
Clothing,Standard,14.0,18.14
Home,Standard,16.5,3.69
Electronics,Silver,18.4,53.56
Clothing,Standard,13.5,1.38
Home,Gold,22.0,94.81
Electronics,Silver,17.8,4.36
Clothing,Standard,25.2,10.7
Electronics,Standard,8.4,7.52
Clothing,Standard,7.9,40.68
Sports,Standard,11.2,184.8
Clothing,Standard,14.3,71.84
Clothing,Gold,3.4,2.83
Electronics,Standard,17.4,4.72
Clothing,Standard,21.3,30.74
Home,Gold,6.6,60.54
Clothing,Standard,2.2,49.84
Electronics,Standard,4.2,28.55
Clothing,Silver,24.1,1.04
Beauty,Standard,5.0,170.65
Electronics,Standard,7.4,57.23
Clothing,Silver,15.2,37.84
Electronics,Gold,21.2,49.75
Clothing,Gold,11.7,36.3
Electronics,Gold,7.5,48.47
Home,Silver,15.9,16.01
Clothing,Standard,28.2,66.46
Home,Silver,6.3,2.83
Clothing,Standard,26.1,26.41
Electronics,Silver,9.7,126.95
Clothing,Standard,12.4,33.82
